{
    "psnr": 34.875500555038165,
    "ssim": 0.9545798301696777,
    "loss": 0.0003677758946537966
}