{
    "psnr": 34.32253187599552,
    "ssim": 0.954105794429779,
    "loss": 0.0004106185461798879
}