{
    "psnr": 34.322285929330654,
    "ssim": 0.9541052579879761,
    "loss": 0.0004106428157109277
}