{
    "psnr": 32.234076318203684,
    "ssim": 0.9228264689445496,
    "loss": 0.0006938145811935621
}