{
    "psnr": 32.04123501450668,
    "ssim": 0.921635091304779,
    "loss": 0.0006845807094874164
}