{
    "psnr": 32.237272234632734,
    "ssim": 0.9229090809822083,
    "loss": 0.0006932727593396391
}