{
    "psnr": 34.47333027136873,
    "ssim": 0.9547279477119446,
    "loss": 0.0003958446119979367
}