{
    "psnr": 29.36254413053471,
    "ssim": 0.8750602602958679,
    "loss": 0.0012770587473118866
}