{
    "psnr": 29.465786299852944,
    "ssim": 0.8720858097076416,
    "loss": 0.0011774459545610145
}