{
    "psnr": 29.463470353613378,
    "ssim": 0.8720327615737915,
    "loss": 0.0011780224620665917
}